{
  "type": "minecraft:entity",
  "pools": [
    {
      "rolls": 1,
      "entries": [
        {
          "type": "minecraft:item",
		      "name": "minecraft:item_frame",
          "functions": [
            {
              "function": "minecraft:set_name",
              "name": {"translate":"block.mechanization.item_extractor","color":"dark_red","italic":false}
            },
            {
              "function": "minecraft:set_lore",
              "lore": [
                [{"text":"\uee11","font":"mechanization:gui","color":"white","italic":false},{"translate":"lore.mechanization.added_by","color":"blue","italic":false}]
              ]
            },
            {
              "function": "minecraft:set_nbt",
              "tag":"{CustomModelData: 6425008, mechanization:{id:\"item_extractor\"}, EntityTag:{Tags:[\"mechanization\", \"mechanization.item_extractor\", \"mechanization.redstone_control\", \"smithed.block\"], CustomName:'{\"translate\":\"block.mechanization.item_extractor\"}', Invulnerable:1b, Invisible:1b, Silent:1b, Item:{id:\"minecraft:blast_furnace\", Count:1b,tag:{CustomModelData:6425008}}}}"
            }
          ]
        }
      ]
    }
  ]
}