{
  "type": "minecraft:entity",
  "pools": [
    {
      "rolls": 1,
      "entries": [
        {
          "type": "minecraft:item",
		      "name": "minecraft:blast_furnace",
          "functions": [
            {
              "function": "minecraft:set_name",
              "name": {"translate":"block.mechanization.mss_terminal","color":"dark_purple","italic":false}
            },
            {
              "function": "minecraft:set_lore",
              "lore": [
                {"translate":"lore.mechanization.consume","with":["1024"],"color":"white","italic":false},
              [{"text":"\uee11","font":"mechanization:gui","color":"white","italic":false},{"translate":"lore.mechanization.added_by","color":"blue","italic":false}]
              ]
            },
            {
              "function": "minecraft:set_nbt",
              "tag":"{CustomModelData: 6425010, HideFlags: 6, mechanization:{id:\"mss_terminal\"}, BlockEntityTag:{Items:[{id:\"minecraft:stone\", Count:1b, Slot:0b, tag:{smithed:{block:{id:\"mechanization:mss_terminal\"}}}}]} }"
            }
          ]
        }
      ]
    }
  ]
}