{
  "type": "minecraft:entity",
  "pools": [
    {
      "rolls": 1,
      "entries": [
        {
          "type": "minecraft:item",
		      "name": "minecraft:blast_furnace",
          "functions": [
            {
              "function": "minecraft:set_name",
              "name": {"translate":"block.mechanization.unlimited_storage_unit","color":"dark_red","italic":false}
            },
            {
              "function": "minecraft:set_lore",
              "lore": [
              [{"text":"\uee11","font":"mechanization:gui","color":"white","italic":false},{"translate":"lore.mechanization.added_by","color":"blue","italic":false}]
              ]
            },
            {
              "function": "minecraft:set_nbt",
              "tag":"{CustomModelData: 6425007, HideFlags: 6, mechanization:{id:\"unlimited_storage_unit\"}, BlockEntityTag:{Items:[{id:\"minecraft:stone\", Count:1b, Slot:0b, tag:{smithed:{block:{id:\"mechanization:unlimited_storage_unit\"}}}}]} }"
            }
          ]
        }
      ]
    }
  ]
}