{
  "type": "minecraft:entity",
  "pools": [
    {
      "rolls": 1,
      "entries": [
        {
          "type": "minecraft:item",
		  "name": "minecraft:structure_block",
          "functions": [
            {
			  "function": "minecraft:set_name",
			  "name": {"translate":"item.mechanization.crystal_composite_plate","color":"dark_red","italic":false}
			},
			{
			  "function": "minecraft:set_lore",
			  "lore": [
				[{"translate":"lore.mechanization.upgrade_modular_armor","color":"gray","italic":false}],
			    [{"translate":"item.durability","color":"gray","italic":false,"with":[{"text":"3000"},{"text":"3000"}]}],
				[{"translate":"lore.mechanization.upgrade_stats","color":"gray","italic":false}],
				[{"text":"  0.75 ","color":"dark_green","italic":false},{"translate":"attribute.name.generic.armor"}],
				[{"text":"  0.5 ","color":"dark_green","italic":false},{"translate":"attribute.name.generic.armor_toughness"}],
				[{"text":"  0.04 ","color":"dark_green","italic":false},{"translate":"attribute.name.generic.movement_speed"}],
				[{"text":"\uee11","font":"mechanization:gui","color":"white","italic":false},{"translate":"lore.mechanization.added_by","color":"blue","italic":false}]
			  ]
			},
			{
              "function": "minecraft:set_nbt",
              "tag":"{CustomModelData: 6421412, HideFlags: 32, mechanization:{ id:\"crystal_composite_plate\", upgrade:{type:3b, effect:\"none\", max_durability:3000, stats:{armor:0.75, armor_toughness:0.5, speed:0.04}} }, smithed:{dict:{plate:{crystal_composite:1b}}} }"
            }
          ]
        }
      ]
    }
  ]
}