{
  "type": "minecraft:entity",
  "pools": [
    {
      "rolls": 1,
      "entries": [
        {
          "type": "minecraft:item",
		  "name": "minecraft:carrot_on_a_stick",
          "functions": [
            {
			  "function": "minecraft:set_name",
			  "name": {"translate":"item.mechanization.muffler_upgrade","color":"dark_aqua","italic":false}
			},
			{
			  "function": "minecraft:set_lore",
			  "lore": [
			    {"translate":"lore.mechanization.upgrade.1","color":"white","italic":false,"with":[{"translate":"lore.mechanization.sneak"},{"text":"\uee08","font":"mechanization:gui"}]},
				[{"text":"\uee11","font":"mechanization:gui","color":"white","italic":false},{"translate":"lore.mechanization.added_by","color":"blue","italic":false}]
			  ]
			},
			{
              "function": "minecraft:set_nbt",
              "tag":"{CustomModelData: 6421109, HideFlags: 6, Unbreakable:1b, mechanization:{ id:\"muffler_upgrade\" } }"
            }
          ]
        }
      ]
    }
  ]
}