{
  "type": "minecraft:entity",
  "pools": [
    {
      "rolls": 1,
      "entries": [
        {
          "type": "minecraft:item",
		      "name": "minecraft:potion",
          "functions": [
            {
              "function": "minecraft:set_name",
              "name": {"translate":"item.mechanization.vial","italic":false}
            },
            {
              "function": "minecraft:set_lore",
              "lore": [
                [{"text":"\uee11","font":"mechanization:gui","color":"white","italic":false},{"translate":"lore.mechanization.added_by","color":"blue","italic":false}]
              ]
            },
            {
              "function": "minecraft:set_nbt",
              "tag":"{CustomModelData: 6421108, CustomPotionColor:16777215, HideFlags: 38, mechanization:{ id:\"vial\" }, fluid:{storage:0, max_storage:1000, fixed_storage: 0b} }"
            }
          ]
        }
      ]
    }
  ]
}