{
  "type": "minecraft:entity",
  "pools": [
    {
      "rolls": 1,
      "entries": [
        {
          "type": "minecraft:item",
		      "name": "minecraft:blast_furnace",
          "functions": [
            {
              "function": "minecraft:set_name",
              "name": {"translate":"block.mechanization.battery.creative","color":"dark_purple","italic":false}
            },
            {
              "function": "minecraft:set_lore",
              "lore": [
                {"translate":"lore.mechanization.transfer","color":"white","italic":false,"with":[32768]},
              [{"text":"\uee11","font":"mechanization:gui","color":"white","italic":false},{"translate":"lore.mechanization.added_by","color":"blue","italic":false}]
              ]
            },
            {
              "function": "minecraft:set_nbt",
              "tag":"{CustomModelData: 6421002, HideFlags: 6, Enchantments: [{lvl: 1s, id: \"minecraft:infinity\"}], mechanization:{id:\"creative_battery\"}, BlockEntityTag:{Items:[{id:\"minecraft:stone\", Count:1b, Slot:0b, tag:{smithed:{block:{id:\"mechanization:creative_battery\"}}}}]} }"
            }
          ]
        }
      ]
    }
  ]
}