{
  "type": "minecraft:entity",
  "pools": [
    {
      "rolls": 1,
      "entries": [
        {
          "type": "minecraft:item",
		      "name": "minecraft:blast_furnace",
          "functions": [
            {
              "function": "minecraft:set_name",
              "name": {"translate":"block.mechanization.tier_2_fluid_tank","color":"dark_red","italic":false}
            },
            {
              "function": "minecraft:set_lore",
              "lore": [
                {"translate":"lore.mechanization.fluid_amount","color":"gray","italic":false,"with":[{"text":"256000"}]},
                [{"text":"\uee11","font":"mechanization:gui","color":"white","italic":false},{"translate":"lore.mechanization.added_by","color":"blue","italic":false}]
              ]
            },
            {
              "function": "minecraft:set_nbt",
              "tag":"{CustomModelData: 6422024, HideFlags: 6, mechanization:{id:\"tier_2_fluid_tank\"}, BlockEntityTag:{Items:[{id:\"minecraft:stone\", Count:1b, Slot:0b, tag:{smithed:{block:{id:\"mechanization:tier_2_fluid_tank\"}}}}]} }"
            }
          ]
        }
      ]
    }
  ]
}