{
    "display": {
        "title": {
            "translate": "advancement.mechanization.spawner_controller.title",
			"color":"green"
        },
        "description": {
            "translate": "advancement.mechanization.spawner_controller.desc",
			"color":"dark_aqua"
        },
        "icon": {
            "item": "minecraft:carrot_on_a_stick",
            "nbt": "{CustomModelData:6422019}"
        },
        "frame": "task"
    },
    "criteria": {
        "have_battery_1": {
            "trigger": "minecraft:inventory_changed",
            "conditions": {
                "items": [{
					    "id": "minecraft:carrot_on_a_stick",
                        "nbt": "{mechanization:{id:\"spawner_controller\"}}"
                    }
                ]
            }
        }
    },
    "parent": "mechanization:machines/spawner_mover"
}
