{
    "display": {
        "title": {
            "translate": "advancement.mechanization.energy_saber.title",
			"color":"green"
        },
        "description": {
            "translate": "advancement.mechanization.energy_saber.desc",
			"color":"dark_aqua"
        },
        "icon": {
            "item": "minecraft:carrot_on_a_stick",
            "nbt": "{CustomModelData:6424100}"
        },
        "frame": "task"
    },
    "criteria": {
        "have_battery_1": {
            "trigger": "minecraft:inventory_changed",
            "conditions": {
                "items": [{
					    "id": "minecraft:carrot_on_a_stick",
                        "nbt": "{mechanization:{id:\"energy_saber\"}}"
                    }
                ]
            }
        }
    },
    "parent": "mechanization:gadgets/drill"
}
