{
    "display": {
        "title": {
            "translate": "advancement.mechanization.modular_armor.title",
			"color":"green"
        },
        "description": {
            "translate": "advancement.mechanization.modular_armor.desc",
			"color":"dark_aqua"
        },
        "icon": {
            "item": "minecraft:leather_chestplate",
            "nbt": "{CustomModelData:6424107}"
        },
        "frame": "task"
    },
    "criteria": {
        "have_battery_1": {
            "trigger": "minecraft:inventory_changed",
            "conditions": {
                "items": [
					{
					    "id": "minecraft:leather_helmet",
                        "nbt": "{mechanization:{id:\"modular_helmet\"}}"
                    },
					{
					    "id": "minecraft:leather_chestplate",
                        "nbt": "{mechanization:{id:\"modular_chestplate\"}}"
                    },
					{
					    "id": "minecraft:leather_leggings",
                        "nbt": "{mechanization:{id:\"modular_leggings\"}}"
                    },
					{
					    "id": "minecraft:leather_boots",
                        "nbt": "{mechanization:{id:\"modular_boots\"}}"
                    }
                ]
            }
        }
    },
    "parent": "mechanization:gadgets/energy_saber"
}
