{
  "type": "minecraft:entity",
  "pools": [
    {
      "rolls": 1,
      "entries": [
        {
          "type": "minecraft:item",
		      "name": "minecraft:structure_block",
          "functions": [
            {
              "function": "minecraft:set_name",
              "name": {"translate":"item.mechanization.overclocked_pump","color":"dark_red","italic":false}
            },
            {
              "function": "minecraft:set_lore",
              "lore": [
                {"translate":"lore.mechanization.upgrade_plasma_weapon","color":"gray","italic":false},
                [{"text":"20% ","color":"blue","italic":false},{"translate":"lore.mechanization.damage"}],
                [{"text":"40% ","color":"red","italic":false},{"translate":"lore.mechanization.heat"}],
                [{"text":"\uee11","font":"mechanization:gui","color":"white","italic":false},{"translate":"lore.mechanization.added_by","color":"blue","italic":false}]
              ]
            },
            {
              "function": "minecraft:set_nbt",
              "tag":"{CustomModelData: 6424208, mechanization:{id:\"overclocked_pump\", upgrade:{type:4b}}}"
            }
          ]
        }
      ]
    }
  ]
}