{
  "type": "minecraft:entity",
  "pools": [
    {
      "rolls": 1,
      "entries": [
        {
          "type": "minecraft:item",
          "name": "minecraft:potion",
          "functions": [
            {
              "function": "minecraft:set_name",
              "name": {"translate":"item.mechanization.filled_vial","italic":false,"with":[{"translate":"fluid.mechanization.molten_conductive_alloy"}]}
            },
            {
              "function": "minecraft:set_lore",
              "lore": [
                {"translate":"lore.mechanization.fluid_amount","color":"gray","italic":false,"with":[{"text":"1000"}]},
                [{"text":"\uee11","font":"mechanization:gui","color":"white","italic":false},{"translate":"lore.mechanization.added_by","color":"blue","italic":false}]
              ]
            },
            {
              "function": "minecraft:set_nbt",
              "tag":"{CustomModelData: 6421108, HideFlags: 38, CustomPotionColor:9734724, mechanization:{id:\"vial\"}, fluid:{id:\"molten_conductive_alloy\", temperature:2500, color:9734724, gas: 0b, name: '{\"translate\":\"fluid.mechanization.molten_conductive_alloy\"}', storage:1000, max_storage: 1000, fixed_storage: 0b}}"
            }
          ]
        }
      ]
    }
  ]
}