{
  "condition": "minecraft:any_of",
  "terms": [
    {
      "condition": "minecraft:all_of",
      "terms":[
        {
          "condition": "minecraft:entity_scores",
          "entity": "this",
          "scores": {
            "fluid.io.up": {
            "min": -2147483649,
            "max": -1
            }
          }
        },
        {
          "condition": "minecraft:inverted",
          "term": {
            "condition": "minecraft:entity_scores",
            "entity": "this",
            "scores": {
              "fluid.network_id.up": {
              "min": 0,
              "max": 0
              }
            }
          }
        }
      ]
    },
    {
      "condition": "minecraft:all_of",
      "terms":[
        {
          "condition": "minecraft:entity_scores",
          "entity": "this",
          "scores": {
            "fluid.io.down": {
            "min": -2147483649,
            "max": -1
            }
          }
        },
        {
          "condition": "minecraft:inverted",
          "term": {
            "condition": "minecraft:entity_scores",
            "entity": "this",
            "scores": {
              "fluid.network_id.down": {
              "min": 0,
              "max": 0
              }
            }
          }
        }
      ]
    },
    {
      "condition": "minecraft:all_of",
      "terms":[
        {
          "condition": "minecraft:entity_scores",
          "entity": "this",
          "scores": {
            "fluid.io.north": {
            "min": -2147483649,
            "max": -1
            }
          }
        },
        {
          "condition": "minecraft:inverted",
          "term": {
            "condition": "minecraft:entity_scores",
            "entity": "this",
            "scores": {
              "fluid.network_id.north": {
              "min": 0,
              "max": 0
              }
            }
          }
        }
      ]
    },
    {
      "condition": "minecraft:all_of",
      "terms":[
        {
          "condition": "minecraft:entity_scores",
          "entity": "this",
          "scores": {
            "fluid.io.south": {
            "min": -2147483649,
            "max": -1
            }
          }
        },
        {
          "condition": "minecraft:inverted",
          "term": {
            "condition": "minecraft:entity_scores",
            "entity": "this",
            "scores": {
              "fluid.network_id.south": {
              "min": 0,
              "max": 0
              }
            }
          }
        }
      ]
    },
    {
      "condition": "minecraft:all_of",
      "terms":[
        {
          "condition": "minecraft:entity_scores",
          "entity": "this",
          "scores": {
            "fluid.io.east": {
            "min": -2147483649,
            "max": -1
            }
          }
        },
        {
          "condition": "minecraft:inverted",
          "term": {
            "condition": "minecraft:entity_scores",
            "entity": "this",
            "scores": {
              "fluid.network_id.east": {
              "min": 0,
              "max": 0
              }
            }
          }
        }
      ]
    },
    {
      "condition": "minecraft:all_of",
      "terms":[
        {
          "condition": "minecraft:entity_scores",
          "entity": "this",
          "scores": {
            "fluid.io.west": {
            "min": -2147483649,
            "max": -1
            }
          }
        },
        {
          "condition": "minecraft:inverted",
          "term": {
            "condition": "minecraft:entity_scores",
            "entity": "this",
            "scores": {
              "fluid.network_id.west": {
              "min": 0,
              "max": 0
              }
            }
          }
        }
      ]
    }
  ]
}
  