[
  {
    "condition": "minecraft:value_check",
    "value": {
      "type": "minecraft:score",
      "target": "this",
      "score": "fluid.queue"
    },
    "range": {
      "min": {
        "type": "minecraft:score",
        "target": {
        "type": "minecraft:fixed",
          "name": "#progress"
        },
        "score": "fluid.data"
      },
      "max": {
        "type": "minecraft:score",
        "target": {
          "type": "minecraft:fixed",
          "name": "#progress"
        },
        "score": "fluid.data"
      }
    }
  }
]
