[
  {
    "condition": "minecraft:value_check",
    "value": 1,
    "range": {
      "min": {
        "type": "minecraft:score",
        "target": {
          "type": "minecraft:fixed",
          "name": "#fluid.major"
        },
        "score": "load.status",
        "scale": 1
      },
      "max": {
        "type": "minecraft:score",
        "target": {
          "type": "minecraft:fixed",
          "name": "#fluid.major"
        },
        "score": "load.status",
        "scale": 1
      }
    }
  },
  {
    "condition": "minecraft:value_check",
    "value": 3,
    "range": {
      "min": {
        "type": "minecraft:score",
        "target": {
          "type": "minecraft:fixed",
          "name": "#fluid.minor"
        },
        "score": "load.status",
        "scale": 1
      },
      "max": {
        "type": "minecraft:score",
        "target": {
          "type": "minecraft:fixed",
          "name": "#fluid.minor"
        },
        "score": "load.status",
        "scale": 1
      }
    }
  }
]
