{
    "display": {
        "title": {
            "translate": "advancement.mechanization.mss_terminal.title",
			"color":"green"
        },
        "description": {
            "translate": "advancement.mechanization.mss_terminal.desc",
			"color":"dark_aqua"
        },
        "icon": {
            "item": "minecraft:blast_furnace",
            "nbt": "{CustomModelData:6425010}"
        },
        "frame": "challenge"
    },
    "criteria": {
        "have_battery_1": {
            "trigger": "minecraft:inventory_changed",
            "conditions": {
                "items": [{
					    "id": "minecraft:blast_furnace",
                        "nbt": "{mechanization:{id:\"mss_terminal\"}}"
                    }
                ]
            }
        }
    },
    "parent": "mechanization:assembly/mss_storage_drive"
}
