{
  "type": "minecraft:entity",
  "pools": [
    {
      "rolls": 1,
      "entries": [
        {
          "type": "minecraft:item",
		      "name": "minecraft:carrot_on_a_stick",
          "functions": [
            {
              "function": "minecraft:set_name",
              "name": {"translate":"item.mechanization.portable_battery","color":"dark_aqua","italic":false}
            },
            {
              "function": "minecraft:set_lore",
              "lore": [
                {"translate":"lore.mechanization.portable_battery","color":"gray","italic":false,"with":[{"text":"0"},{"text":"64000"}]},
                [{"text":"\uee11","font":"mechanization:gui","color":"white","italic":false},{"translate":"lore.mechanization.added_by","color":"blue","italic":false}]
              ]
            },
            {
              "function": "minecraft:set_nbt",
              "tag":"{CustomModelData: 6424110, mechanization:{id:\"portable_battery\", upgrade:{type:3b}, battery:{models:8, base_model:6424900}}, energy:{storage:0, max_storage:64000}}"
            }
          ]
        }
      ]
    }
  ]
}