{
  "type": "minecraft:entity",
  "pools": [
    {
      "rolls": 1,
      "entries": [
        {
          "type": "minecraft:item",
		      "name": "minecraft:potion",
          "functions": [
            {
			        "function": "minecraft:set_name",
			        "name": {"translate":"item.fluidcrafting.generic_bottle","italic":false,"with":[{"translate":"fluid.fluidcrafting.water","fallback":"Water"}]}
			      },
			      {
              "function": "minecraft:set_lore",
              "lore": [
                {"translate":"lore.mechanization.fluid_amount","color":"gray","italic":false,"with":[{"text":"333"}]},
                [{"text":"\uee11","font":"mechanization:gui","color":"white","italic":false},{"translate":"lore.mechanization.added_by","color":"blue","italic":false}]
              ]
            },
            {
              "function": "minecraft:set_nbt",
              "tag":"{HideFlags: 38, CustomPotionColor:3432410, mechanization:{id:\"glass_bottle\"}, fluid:{id:\"water\", temperature:25, color:3432410, gas: 0b, name: '{\"translate\":\"fluid.fluidcrafting.water\",\"fallback\":\"Water\"}', storage:333, max_storage: 333, fixed_storage: 1b}}"
            }
          ]
        }
      ]
    }
  ]
}