{
	"values":[
		"#block_utils:v1.2/pressure_plates",
		
		"#minecraft:leaves",
		"#minecraft:banners",
		"#minecraft:anvil",
		"#minecraft:rails",
		"#minecraft:saplings",
		"#minecraft:buttons",
		"#minecraft:slabs",
		"#minecraft:stairs",
		"#minecraft:flower_pots",
		"#minecraft:doors",
		"#minecraft:wool_carpets",
		"#minecraft:fences",
		"#minecraft:campfires",
		"#minecraft:beds",
		"#minecraft:trapdoors",
		"#minecraft:candles",
		"#minecraft:walls",
		"#minecraft:flowers",
		
		"minecraft:wheat",
		"minecraft:beetroots",
		"minecraft:carrots",
		"minecraft:potatoes",
		"minecraft:melon_stem",
		"minecraft:pumpkin_stem",
		"minecraft:cocoa",
		"minecraft:fern",
		"minecraft:dead_bush",
		"minecraft:brown_mushroom",
		"minecraft:red_mushroom",
		"minecraft:cactus",
		"minecraft:vine",
		"minecraft:lily_pad",
		"minecraft:tall_grass",
		"minecraft:seagrass",
		"minecraft:kelp",
		"minecraft:large_fern",
		"minecraft:bamboo",
		"minecraft:chorus_flower",
		"minecraft:chorus_plant",
		"minecraft:crimson_fungus",
		"minecraft:warped_fungus",
		"minecraft:crimson_roots",
		"minecraft:warped_roots",
		"minecraft:nether_sprouts",
		"minecraft:weeping_vines",
		"minecraft:weeping_vines_plant",
		"minecraft:twisting_vines",
		"minecraft:twisting_vines_plant",
		"minecraft:azalea",
		"minecraft:flowering_azalea",
		"minecraft:big_dripleaf",
		"minecraft:small_dripleaf",
		"minecraft:hanging_roots",
		"minecraft:skeleton_skull",
		"minecraft:wither_skeleton_skull",
		"minecraft:player_head",
		"minecraft:zombie_head",
		"minecraft:creeper_head",
		"minecraft:dragon_head",
		"minecraft:skeleton_wall_skull",
		"minecraft:wither_skeleton_wall_skull",
		"minecraft:zombie_wall_head",
		"minecraft:player_wall_head",
		"minecraft:creeper_wall_head",
		"minecraft:dragon_wall_head",
		"minecraft:air",
		"minecraft:cave_air",
		"minecraft:void_air",
		"minecraft:oak_fence_gate",
		"minecraft:spruce_fence_gate",
		"minecraft:birch_fence_gate",
		"minecraft:jungle_fence_gate",
		"minecraft:acacia_fence_gate",
		"minecraft:dark_oak_fence_gate",
		"minecraft:torch",
		"minecraft:wall_torch",
		"minecraft:soul_torch",
		"minecraft:soul_wall_torch",
		"minecraft:redstone_torch",
		"minecraft:redstone_wall_torch",
		"minecraft:lava",
		"minecraft:water",
		"minecraft:bubble_column",
		"minecraft:chorus_plant",
		"minecraft:chorus_flower",
		"minecraft:dirt_path",
		"minecraft:farmland",
		"minecraft:chest",
		"minecraft:trapped_chest",
		"minecraft:ender_chest",
		"minecraft:end_portal_frame",
		"minecraft:enchanting_table",
		"minecraft:hopper",
		"minecraft:end_rod",
		"minecraft:iron_bars",
		"minecraft:snow",
		"minecraft:ladder",
		"minecraft:daylight_detector",
		"minecraft:tripwire_hook",
		"minecraft:lever",
		"minecraft:repeater",
		"minecraft:comparator",
		"minecraft:redstone_wire",
		"minecraft:bell",
		"minecraft:lantern",
		"minecraft:soul_lantern",
		"minecraft:grindstone",
		"minecraft:stonecutter",
		"minecraft:cobweb",
		"minecraft:piston_head",
		"minecraft:sculk_sensor",
		"minecraft:small_amethyst_bud",
		"minecraft:medium_amethyst_bud",
		"minecraft:large_amethyst_bud",
		"minecraft:amethyst_cluster",
		"minecraft:lightning_rod",
		"minecraft:pointed_dripstone",
		"minecraft:bamboo_sapling",
		"minecraft:glowstone",
		"minecraft:sea_lantern",
		"minecraft:piston_head",
		"minecraft:sculk_shrieker",
		"minecraft:sculk_vein",
		"minecraft:sculk_sensor",
		
		"minecraft:glass",
		"minecraft:white_stained_glass",
		"minecraft:orange_stained_glass",
		"minecraft:magenta_stained_glass",
		"minecraft:light_blue_stained_glass",
		"minecraft:yellow_stained_glass",
		"minecraft:lime_stained_glass",
		"minecraft:pink_stained_glass",
		"minecraft:gray_stained_glass",
		"minecraft:light_gray_stained_glass",
		"minecraft:cyan_stained_glass",
		"minecraft:purple_stained_glass",
		"minecraft:blue_stained_glass",
		"minecraft:brown_stained_glass",
		"minecraft:green_stained_glass",
		"minecraft:red_stained_glass",
		"minecraft:black_stained_glass",
		
		"minecraft:glass_pane",
		"minecraft:white_stained_glass_pane",
		"minecraft:orange_stained_glass_pane",
		"minecraft:magenta_stained_glass_pane",
		"minecraft:light_blue_stained_glass_pane",
		"minecraft:yellow_stained_glass_pane",
		"minecraft:lime_stained_glass_pane",
		"minecraft:pink_stained_glass_pane",
		"minecraft:gray_stained_glass_pane",
		"minecraft:light_gray_stained_glass_pane",
		"minecraft:cyan_stained_glass_pane",
		"minecraft:purple_stained_glass_pane",
		"minecraft:blue_stained_glass_pane",
		"minecraft:brown_stained_glass_pane",
		"minecraft:green_stained_glass_pane",
		"minecraft:red_stained_glass_pane",
		"minecraft:black_stained_glass_pane",
		{
			"id": "minecraft:grass",
			"required": false
		},
		{
			"id": "minecraft:short_grass",
			"required": false
		}
	]
}