{
  "type": "minecraft:entity",
  "pools": [
    {
      "rolls": 1,
      "entries": [
        {
          "type": "minecraft:item",
          "name": "minecraft:structure_block",
              "functions": [
                {
                  "function": "minecraft:set_name",
                  "name": {"translate":"item.mechanization.amethyst_gear","color":"light_purple","italic":false}
                },
                {
                  "function": "minecraft:set_lore",
                  "lore": [
                    [{"translate":"lore.mechanization.upgrade_drill","color":"gray","italic":false}],
                    [{"translate":"item.durability","color":"gray","italic":false,"with":[{"text":"3000"},{"text":"3000"}]}],
                    [{"translate":"lore.mechanization.upgrade_effects","color":"gray","italic":false},{"text":" "},{"translate":"enchantment.minecraft.silk_touch"}],
                    [{"text":"\uee11","font":"mechanization:gui","color":"white","italic":false},{"translate":"lore.mechanization.added_by","color":"blue","italic":false}]
                  ]
                },
                {
              "function": "minecraft:set_nbt",
              "tag":"{CustomModelData: 6421541, HideFlags: 32, mechanization:{ id:\"amethyst_gear\", upgrade:{type:2b, effect:\"silk_touch\", max_durability:3000, stats:{}} }, smithed:{dict:{gear:{amethyst:1b}}} }"
            }
          ]
        }
      ]
    }
  ]
}
