{
  "type": "minecraft:entity",
  "pools": [
    {
      "rolls": 1,
      "entries": [
        {
          "type": "minecraft:item",
		  "name": "minecraft:structure_block",
          "functions": [
            {
			  "function": "minecraft:set_name",
			  "name": {"translate":"item.mechanization.coal_gear","color":"dark_gray","italic":false}
			},
			{
			  "function": "minecraft:set_lore",
			  "lore": [
				[{"translate":"lore.mechanization.upgrade_drill","color":"gray","italic":false}],
			    [{"translate":"item.durability","color":"gray","italic":false,"with":[{"text":"1000"},{"text":"1000"}]}],
				[{"translate":"lore.mechanization.upgrade_effects","color":"gray","italic":false},{"text":" "},{"translate":"lore.mechanization.upgrade_trash"}],
				[{"text":"\uee11","font":"mechanization:gui","color":"white","italic":false},{"translate":"lore.mechanization.added_by","color":"blue","italic":false}]
			  ]
			},
			{
              "function": "minecraft:set_nbt",
              "tag":"{CustomModelData: 6421491, HideFlags: 32, mechanization:{ id:\"coal_gear\", upgrade:{type:2b, effect:\"trash\", max_durability:1000, stats:{}} }, smithed:{ dict:{gear:{coal:1b}} }}"
            }
          ]
        }
      ]
    }
  ]
}