{
  "type": "minecraft:entity",
  "pools": [
    {
      "rolls": 1,
      "entries": [
        {
          "type": "minecraft:item",
		  "name": "minecraft:structure_block",
          "functions": [
            {
			  "function": "minecraft:set_name",
			  "name": {"translate":"item.mechanization.copper_plate","color":"white","italic":false}
			},
			{
			  "function": "minecraft:set_lore",
			  "lore": [
				[{"translate":"lore.mechanization.upgrade_modular_armor","color":"gray","italic":false}],
			    [{"translate":"item.durability","color":"gray","italic":false,"with":[{"text":"500"},{"text":"500"}]}],
				[{"translate":"lore.mechanization.upgrade_effects","color":"gray","italic":false},{"text":" +1 "},{"translate":"lore.mechanization.shield_capacity"}],
				[{"translate":"lore.mechanization.upgrade_stats","color":"gray","italic":false}],
				[{"text":"  0.5 ","color":"dark_green","italic":false},{"translate":"attribute.name.generic.armor"}],
				[{"text":"  0 ","color":"dark_green","italic":false},{"translate":"attribute.name.generic.armor_toughness"}],
				[{"text":"\uee11","font":"mechanization:gui","color":"white","italic":false},{"translate":"lore.mechanization.added_by","color":"blue","italic":false}]
			  ]
			},
			{
              "function": "minecraft:set_nbt",
              "tag":"{CustomModelData: 6421470, HideFlags: 32, mechanization:{ id:\"copper_plate\", upgrade:{type:3b, effect:\"none\", max_durability:500, stats:{armor:0.5, shield:1}} }, smithed:{dict:{plate:{copper:1b}}} }"
            }
          ]
        }
      ]
    }
  ]
}