{
  "type": "minecraft:entity",
  "pools": [
    {
      "rolls": 1,
      "entries": [
        {
          "type": "minecraft:item",
		  "name": "minecraft:structure_block",
          "functions": [
            {
			  "function": "minecraft:set_name",
			  "name": {"translate":"item.mechanization.diamond_plate","color":"aqua","italic":false}
			},
			{
			  "function": "minecraft:set_lore",
			  "lore": [
				[{"translate":"lore.mechanization.upgrade_modular_armor","color":"gray","italic":false}],
			    [{"translate":"item.durability","color":"gray","italic":false,"with":[{"text":"1500"},{"text":"1500"}]}],
				[{"translate":"lore.mechanization.upgrade_stats","color":"gray","italic":false}],
				[{"text":"  0.5 ","color":"dark_green","italic":false},{"translate":"attribute.name.generic.armor"}],
				[{"text":"  0.25 ","color":"dark_green","italic":false},{"translate":"attribute.name.generic.armor_toughness"}],
				[{"text":"  5% ","color":"dark_green","italic":false},{"translate":"attribute.name.generic.attack_damage"}],
				[{"text":"\uee11","font":"mechanization:gui","color":"white","italic":false},{"translate":"lore.mechanization.added_by","color":"blue","italic":false}]
			  ]
			},
			{
              "function": "minecraft:set_nbt",
              "tag":"{CustomModelData: 6421510, HideFlags: 32, mechanization:{ id:\"diamond_plate\", upgrade:{type:3b, effect:\"attack_bonus\", max_durability:1500, stats:{armor:0.5, armor_toughness:0.25}} }, smithed:{ dict:{plate:{diamond:1b}} }}"
            }
          ]
        }
      ]
    }
  ]
}