{
  "type": "minecraft:entity",
  "pools": [
    {
      "rolls": 1,
      "entries": [
        {
          "type": "minecraft:item",
		  "name": "minecraft:structure_block",
          "functions": [
            {
			  "function": "minecraft:set_name",
			  "name": {"translate":"item.mechanization.ender_alloy_rod","color":"dark_purple","italic":false}
			},
			{
			  "function": "minecraft:set_lore",
			  "lore": [
				[{"translate":"lore.mechanization.upgrade_energy_saber","color":"gray","italic":false}],
			    [{"translate":"item.durability","color":"gray","italic":false,"with":[{"text":"3000"},{"text":"3000"}]}],
				[{"translate":"lore.mechanization.upgrade_effects","color":"gray","italic":false},{"text":" "},{"translate":"enchantment.minecraft.looting"},{"text":" "},{"translate":"enchantment.level.4"}],
				[{"translate":"lore.mechanization.upgrade_stats","color":"gray","italic":false}],
				[{"text":"  3 ","color":"dark_green","italic":false},{"translate":"attribute.name.generic.attack_damage"}],
				[{"text":"  0.4 ","color":"dark_green","italic":false},{"translate":"attribute.name.generic.attack_speed"}],
				[{"text":"  2 ","color":"dark_green","italic":false},{"translate":"lore.mechanization.energy_saber_range"}],
				[{"text":"\uee11","font":"mechanization:gui","color":"white","italic":false},{"translate":"lore.mechanization.added_by","color":"blue","italic":false}]
			  ]
			},
			{
              "function": "minecraft:set_nbt",
              "tag":"{CustomModelData: 6421396, HideFlags: 32, mechanization:{ id:\"ender_alloy_rod\", upgrade:{type:1b, effect:\"looting_4\", max_durability:3000, stats:{attack_damage:3, attack_speed:0.4, energy_saber_range:2}} }, smithed:{dict:{rod:{ender_alloy:1b}}} }"
            }
          ]
        }
      ]
    }
  ]
}