{
  "type": "minecraft:entity",
  "pools": [
    {
      "rolls": 1,
      "entries": [
        {
          "type": "minecraft:item",
		  "name": "minecraft:carrot_on_a_stick",
          "functions": [
            {
			  "function": "minecraft:set_name",
			  "name": {"translate":"item.mechanization.gps","color":"gray","italic":false}
			},
			{
			  "function": "minecraft:set_lore",
			  "lore": [
			    {"translate":"lore.mechanization.gps.1","color":"white","italic":false,"with":[{"text":"\uee08","font":"mechanization:gui"}]},
			    {"translate":"lore.mechanization.gps.2","color":"white","italic":false,"with":[{"text":"\uee08","font":"mechanization:gui"}]},
				{"text":""},
				[{"text":"\uee11","font":"mechanization:gui","color":"white","italic":false},{"translate":"lore.mechanization.added_by","color":"blue","italic":false}]
			  ]
			},
			{
              "function": "minecraft:set_nbt",
              "tag":"{CustomModelData: 6421110, HideFlags: 6, Unbreakable:1b, mechanization:{ id:\"gps\", pos:{} }, player_action:{click_detection:1b} }"
            }
          ]
        }
      ]
    }
  ]
}