{
  "type": "minecraft:entity",
  "pools": [
    {
      "rolls": 1,
      "entries": [
        {
          "type": "minecraft:item",
		  "name": "minecraft:structure_block",
          "functions": [
            {
			  "function": "minecraft:set_name",
			  "name": {"translate":"item.mechanization.quartz_gear","color":"white","italic":false}
			},
			{
			  "function": "minecraft:set_lore",
			  "lore": [
				[{"translate":"lore.mechanization.upgrade_drill","color":"gray","italic":false}],
			    [{"translate":"item.durability","color":"gray","italic":false,"with":[{"text":"3000"},{"text":"3000"}]}],
				[{"translate":"lore.mechanization.upgrade_effects","color":"gray","italic":false},{"text":" +3 "},{"translate":"attribute.name.generic.attack_damage"}],
				[{"text":"\uee11","font":"mechanization:gui","color":"white","italic":false},{"translate":"lore.mechanization.added_by","color":"blue","italic":false}]
			  ]
			},
			{
              "function": "minecraft:set_nbt",
              "tag":"{CustomModelData: 6421561, HideFlags: 32, mechanization:{ id:\"quartz_gear\", upgrade:{type:2b, effect:\"none\", max_durability:3000, stats:{attack_damage:3}} }, smithed:{dict:{gear:{quartz:1b}}} }"
            }
          ]
        }
      ]
    }
  ]
}