{
  "type": "minecraft:entity",
  "pools": [
    {
      "rolls": 1,
      "entries": [
        {
          "type": "minecraft:item",
		  "name": "minecraft:blast_furnace",
          "functions": [
            {
			  "function": "minecraft:set_name",
			  "name": {"translate":"block.mechanization.tin_ore","color":"gray","italic":false}
			},
			{
			  "function": "minecraft:set_lore",
			  "lore": [
				[{"text":"\uee11","font":"mechanization:gui","color":"white","italic":false},{"translate":"lore.mechanization.added_by","color":"blue","italic":false}]
			  ]
			},
			{
              "function": "minecraft:set_nbt",
              "tag":"{CustomModelData: 6421319, nbt_smelting:1b, HideFlags: 32, mechanization:{ id:\"deepslate_tin_ore\" }, smithed:{dict:{ore:{tin:1b}}}, BlockEntityTag:{Items:[{id:\"minecraft:stone\", Count:1b, Slot:0b, tag:{smithed:{block:{id:\"mechanization:deepslate_tin_ore\"}}}}]}  }"
            }
          ]
        }
      ]
    }
  ]
}