{
  "type": "minecraft:entity",
  "pools": [
    {
      "rolls": 1,
      "entries": [
        {
          "type": "minecraft:item",
		  "name": "minecraft:structure_block",
          "functions": [
            {
			  "function": "minecraft:set_name",
			  "name": {"translate":"item.mechanization.titanium_steel_raw","color":"light_purple","italic":false}
			},
			{
			  "function": "minecraft:set_lore",
			  "lore": [
				[{"text":"\uee11","font":"mechanization:gui","color":"white","italic":false},{"translate":"lore.mechanization.added_by","color":"blue","italic":false}]
			  ]
			},
			{
              "function": "minecraft:set_nbt",
              "tag":"{CustomModelData: 6421362, nbt_smelting:1b, HideFlags: 32, mechanization:{ id:\"raw_titanium_steel\" }, smithed:{dict:{raw:{titanium_steel:1b}}}  }"
            }
          ]
        }
      ]
    }
  ]
}