{
  "condition": "minecraft:value_check",
  "value": {
    "type": "minecraft:score",
    "target": "this",
    "score": "fluid.network_id"
  },
  "range": {
    "min": {
      "type": "minecraft:score",
      "target": {
        "type": "minecraft:fixed",
        "name": "#predicate"
      },
      "score": "fluid.data"
    },
    "max": {
      "type": "minecraft:score",
      "target": {
        "type": "minecraft:fixed",
        "name": "#predicate"
      },
      "score": "fluid.data"
    }
  }
}