{
  "condition": "minecraft:any_of",
  "terms": [
    {
      "condition": "minecraft:value_check",
      "value": {
        "type": "minecraft:score",
        "target": "this",
        "score": "fluid.network_id.up"
      },
      "range": {
        "min": {
          "type": "minecraft:score",
          "target": {
            "type": "minecraft:fixed",
            "name": "#predicate"
          },
          "score": "fluid.data"
        },
        "max": {
          "type": "minecraft:score",
          "target": {
            "type": "minecraft:fixed",
            "name": "#predicate"
          },
          "score": "fluid.data"
        }
      }
    },
	{
      "condition": "minecraft:value_check",
      "value": {
        "type": "minecraft:score",
        "target": "this",
        "score": "fluid.network_id.down"
      },
      "range": {
        "min": {
          "type": "minecraft:score",
          "target": {
            "type": "minecraft:fixed",
            "name": "#predicate"
          },
          "score": "fluid.data"
        },
        "max": {
          "type": "minecraft:score",
          "target": {
            "type": "minecraft:fixed",
            "name": "#predicate"
          },
          "score": "fluid.data"
        }
      }
    },
	{
      "condition": "minecraft:value_check",
      "value": {
        "type": "minecraft:score",
        "target": "this",
        "score": "fluid.network_id.north"
      },
      "range": {
        "min": {
          "type": "minecraft:score",
          "target": {
            "type": "minecraft:fixed",
            "name": "#predicate"
          },
          "score": "fluid.data"
        },
        "max": {
          "type": "minecraft:score",
          "target": {
            "type": "minecraft:fixed",
            "name": "#predicate"
          },
          "score": "fluid.data"
        }
      }
    },
	{
      "condition": "minecraft:value_check",
      "value": {
        "type": "minecraft:score",
        "target": "this",
        "score": "fluid.network_id.south"
      },
      "range": {
        "min": {
          "type": "minecraft:score",
          "target": {
            "type": "minecraft:fixed",
            "name": "#predicate"
          },
          "score": "fluid.data"
        },
        "max": {
          "type": "minecraft:score",
          "target": {
            "type": "minecraft:fixed",
            "name": "#predicate"
          },
          "score": "fluid.data"
        }
      }
    },
	{
      "condition": "minecraft:value_check",
      "value": {
        "type": "minecraft:score",
        "target": "this",
        "score": "fluid.network_id.east"
      },
      "range": {
        "min": {
          "type": "minecraft:score",
          "target": {
            "type": "minecraft:fixed",
            "name": "#predicate"
          },
          "score": "fluid.data"
        },
        "max": {
          "type": "minecraft:score",
          "target": {
            "type": "minecraft:fixed",
            "name": "#predicate"
          },
          "score": "fluid.data"
        }
      }
    },
	{
      "condition": "minecraft:value_check",
      "value": {
        "type": "minecraft:score",
        "target": "this",
        "score": "fluid.network_id.west"
      },
      "range": {
        "min": {
          "type": "minecraft:score",
          "target": {
            "type": "minecraft:fixed",
            "name": "#predicate"
          },
          "score": "fluid.data"
        },
        "max": {
          "type": "minecraft:score",
          "target": {
            "type": "minecraft:fixed",
            "name": "#predicate"
          },
          "score": "fluid.data"
        }
      }
    }
  ]
}
