{
  "type": "minecraft:entity",
  "pools": [
    {
      "rolls": 1,
      "entries": [
        {
          "type": "minecraft:item",
		      "name": "minecraft:carrot_on_a_stick",
          "functions": [
            {
              "function": "minecraft:set_name",
              "name": {"translate":"item.mechanization.mss_storage_drive","color":"dark_purple","italic":false}
            },
            {
              "function": "minecraft:set_lore",
              "lore": [
                [{"text":"\uee11","font":"mechanization:gui","color":"white","italic":false},{"translate":"lore.mechanization.added_by","color":"blue","italic":false}]
              ]
            },
            {
              "function": "minecraft:set_nbt",
              "tag":"{CustomModelData: 6425106, HideFlags: 6, Unbreakable:1b, mechanization:{id:\"mss_storage_drive\", storage:[]}}"
            }
          ]
        }
      ]
    }
  ]
}