{
    "display": {
        "title": {
            "translate": "advancement.mechanization.nether_upgrade.title",
			"color":"green"
        },
        "description": {
            "translate": "advancement.mechanization.nether_upgrade.desc",
			"color":"dark_aqua"
        },
        "icon": {
            "item": "minecraft:carrot_on_a_stick",
            "nbt": "{CustomModelData:6421103}"
        },
        "frame": "task"
    },
    "criteria": {
        "have_battery_1": {
            "trigger": "minecraft:inventory_changed",
            "conditions": {
                "items": [{
					    "id": "minecraft:carrot_on_a_stick",
                        "nbt": "{mechanization:{id:\"nether_upgrade\"}}"
                    }
                ]
            }
        }
    },
    "parent": "mechanization:base/tier_3_machine_frame"
}
