{
    "display": {
        "title": {
            "translate": "advancement.mechanization.tier_3_machine_frame.title",
			"color":"green"
        },
        "description": {
            "translate": "advancement.mechanization.tier_3_machine_frame.desc",
			"color":"dark_aqua"
        },
        "icon": {
            "item": "minecraft:blast_furnace",
            "nbt": "{CustomModelData:6421009}"
        },
        "frame": "goal"
    },
    "criteria": {
        "have_frame_1": {
            "trigger": "minecraft:inventory_changed",
            "conditions": {
                "items": [{
					    "id": "minecraft:blast_furnace",
                        "nbt": "{mechanization:{id:\"tier_3_machine_frame\"}}"
                    }
                ]
            }
        }
    },
    "parent": "mechanization:base/machine_upgrade"
}
