{
    "display": {
        "title": {
            "translate": "advancement.mechanization.titanium_ore.title",
			"color":"green"
        },
        "description": {
            "translate": "advancement.mechanization.titanium_ore.desc",
			"color":"dark_aqua"
        },
        "icon": {
            "item": "minecraft:blast_furnace",
            "nbt": "{CustomModelData:6421320}"
        },
        "frame": "task"
    },
    "criteria": {
        "have_tin_ore": {
            "trigger": "minecraft:inventory_changed",
            "conditions": {
                "items": [{
					    "id": "minecraft:blast_furnace",
                        "nbt": "{smithed:{dict:{raw:{titanium:1b}}}}"
                    }
                ]
            }
        }
    },
    "parent": "mechanization:mechanization"
}
