{
  "criteria": {
    "requirement": {
      "trigger": "minecraft:player_hurt_entity",
      "conditions": {
        "entity": [
          {
            "entity": "this",
            "condition": "minecraft:entity_properties",
            "predicate": {
              "type": "minecraft:interaction",
              "nbt": "{Tags:[\"mechanization.block_hitbox\"]}"
            }
          }
        ]
      }
    }
  },
  "rewards": {
    "function": "mechanization:base/player/hit_block_hitbox"
  }
}
