{
  "criteria": {
    "requirement": {
      "trigger": "minecraft:player_interacted_with_entity",
      "conditions": {
        "entity": [
          {
            "entity": "this",
            "condition": "minecraft:entity_properties",
            "predicate": {
              "type": "minecraft:interaction",
              "nbt": "{Tags:[\"mechanization.block_hitbox.charging_station\"]}"
            }
          }
        ]
      }
    }
  },
  "rewards": {
    "function": "mechanization:gadgets/blocks/charging_station/interact"
  }
}
