{
    "display": {
        "title": {
            "translate": "advancement.mechanization.rod.title",
			"color":"green"
        },
        "description": {
            "translate": "advancement.mechanization.rod.desc",
			"color":"dark_aqua"
        },
        "icon": {
            "item": "minecraft:structure_block",
            "nbt": "{CustomModelData:6421472}"
        },
        "frame": "task"
    },
    "criteria": {
        "have_wrench": {
            "trigger": "minecraft:inventory_changed",
            "conditions": {
                "items": [{
					    "id": "minecraft:structure_block",
                        "nbt": "{smithed:{dict:{rod:{}}}}"
                    }
                ]
            }
        }
    },
    "parent": "mechanization:mechanization"
}
