{
    "display": {
        "title": {
            "translate": "advancement.mechanization.tin_ore.title",
			"color":"green"
        },
        "description": {
            "translate": "advancement.mechanization.tin_ore.desc",
			"color":"dark_aqua"
        },
        "icon": {
            "item": "minecraft:blast_furnace",
            "nbt": "{CustomModelData:6421310}"
        },
        "frame": "task"
    },
    "criteria": {
        "have_tin_ore": {
            "trigger": "minecraft:inventory_changed",
            "conditions": {
                "items": [{
					    "id": "minecraft:blast_furnace",
                        "nbt": "{smithed:{dict:{raw:{tin:1b}}}}"
                    }
                ]
            }
        }
    },
    "parent": "mechanization:mechanization"
}
