{
    "display": {
        "title": {
            "translate": "advancement.mechanization.arc_furnace.title",
			"color":"green"
        },
        "description": {
            "translate": "advancement.mechanization.arc_furnace.desc",
			"color":"dark_aqua"
        },
        "icon": {
            "item": "minecraft:blast_furnace",
            "nbt": "{CustomModelData:6422027}"
        },
        "frame": "task"
    },
    "criteria": {
        "have_battery_1": {
            "trigger": "minecraft:inventory_changed",
            "conditions": {
                "items": [{
					    "id": "minecraft:blast_furnace",
                        "nbt": "{mechanization:{id:\"arc_furnace\"}}"
                    }
                ]
            }
        }
    },
    "parent": "mechanization:machines/liquid_accumulator"
}
