{
    "display": {
        "title": {
            "translate": "advancement.mechanization.teleporter.title",
			"color":"green"
        },
        "description": {
            "translate": "advancement.mechanization.teleporter.desc",
			"color":"dark_aqua"
        },
        "icon": {
            "item": "minecraft:blast_furnace",
            "nbt": "{CustomModelData:6422017}"
        },
        "frame": "task"
    },
    "criteria": {
        "have_battery_1": {
            "trigger": "minecraft:inventory_changed",
            "conditions": {
                "items": [{
					    "id": "minecraft:blast_furnace",
                        "nbt": "{mechanization:{id:\"teleporter\"}}"
                    }
                ]
            }
        }
    },
    "parent": "mechanization:machines/enchanting_station"
}
