{
    "display": {
        "title": {
            "translate": "advancement.mechanization.tier_1_battery.title",
			"color":"green"
        },
        "description": {
            "translate": "advancement.mechanization.tier_1_battery.desc",
			"color":"dark_aqua"
        },
        "icon": {
            "item": "minecraft:blast_furnace",
            "nbt": "{CustomModelData:6421000}"
        },
        "frame": "task"
    },
    "criteria": {
        "have_battery_1": {
            "trigger": "minecraft:inventory_changed",
            "conditions": {
                "items": [{
					    "id": "minecraft:blast_furnace",
                        "nbt": "{mechanization:{id:\"tier_1_battery\"}}"
                    }
                ]
            }
        }
    },
    "parent": "mechanization:base/tier_1_machine_frame"
}
